{
  "uuid": "de869d29-ab1f-3473-874c-a672cfe1e57a",
  "starterPrompted": true,
  "starterLocked": false,
  "starterSelected": true,
  "starterUUID": "69a88b03-c972-4f95-99a0-161aa1e8843e",
  "keyItems": [],
  "battleTheme": "cobblemon:battle.pvp.default",
  "extraData": {
    "koStreak": {
      "name": "koStreak",
      "species": "sentret",
      "count": 1
    },
    "koCount": {
      "name": "koCount",
      "defeats": {
        "sentret": 1
      }
    },
    "captureStreak": {
      "name": "captureStreak",
      "species": "",
      "count": 0
    },
    "captureCount": {
      "name": "captureCount",
      "defeats": {
        "fuecoco": 1
      }
    },
    "encounter": {
      "name": "encounter",
      "encounters": {
        "fuecoco": true,
        "sentret": true
      }
    }
  },
  "advancementData": {
    "totalCaptureCount": 0,
    "totalEggsHatched": 0,
    "totalEvolvedCount": 0,
    "totalBattleVictoryCount": 1,
    "totalPvPBattleVictoryCount": 0,
    "totalPvWBattleVictoryCount": 1,
    "totalPvNBattleVictoryCount": 0,
    "totalShinyCaptureCount": 0,
    "totalTradedCount": 0,
    "totalTypeCaptureCounts": {},
    "totalDefeatedCounts": {
      "cobblemon:sentret": 1
    },
    "aspectsCollected": {}
  }
}