{"stats":{"minecraft:mined":{"minecraft:grass_block":1,"minecraft:grass":5,"minecraft:oak_log":2},"minecraft:picked_up":{"minecraft:oak_log":2,"minecraft:white_wool":1,"minecraft:dirt":1,"minecraft:cooked_mutton":1},"minecraft:custom":{"minecraft:jump":74,"minecraft:damage_dealt":10,"minecraft:time_since_rest":7184,"minecraft:damage_taken":20,"minecraft:leave_game":3,"minecraft:crouch_one_cm":56,"minecraft:play_time":7184,"minecraft:sprint_one_cm":10057,"minecraft:time_since_death":7184,"minecraft:walk_one_cm":9273,"minecraft:sneak_time":14,"minecraft:total_world_time":7184,"minecraft:mob_kills":1,"minecraft:fall_one_cm":1738,"minecraft:fly_one_cm":15597},"minecraft:crafted":{"minecraft:oak_planks":8},"minecraft:used":{"minecraft:dirt":1}},"DataVersion":3465}