{"stats":{"minecraft:used":{"minecraft:cooked_mutton":1},"minecraft:killed_by":{"cobblemon:pokemon":1},"minecraft:picked_up":{"minecraft:cooked_mutton":6,"minecraft:black_wool":1,"minecraft:white_wool":2},"minecraft:custom":{"minecraft:jump":78,"minecraft:time_since_rest":3880,"minecraft:leave_game":1,"minecraft:deaths":1,"minecraft:damage_dealt":90,"minecraft:crouch_one_cm":279,"minecraft:sprint_one_cm":20359,"minecraft:play_time":8587,"minecraft:damage_taken":446,"minecraft:time_since_death":3850,"minecraft:walk_one_cm":23068,"minecraft:sneak_time":254,"minecraft:total_world_time":8587,"minecraft:mob_kills":2,"minecraft:fall_one_cm":1111,"minecraft:fly_one_cm":17649}},"DataVersion":3465}